motif,model,model_name,chain,chain_motif,type,start,end,length,saved_frame
1,1,5nd5,A,1,L,717,717,1,
2,1,5nd5,A,2,H,704,716,13,1
3,1,5nd5,A,3,L,702,703,2,
4,1,5nd5,A,4,H,693,701,9,2
5,1,5nd5,A,5,L,684,692,9,3
6,1,5nd5,A,6,B,681,683,3,
7,1,5nd5,A,7,L,678,680,3,
8,1,5nd5,A,8,H,672,677,6,4
9,1,5nd5,A,9,L,665,671,7,5
10,1,5nd5,A,10,B,661,664,4,
11,1,5nd5,A,11,L,655,660,6,6
12,1,5nd5,A,12,H,646,654,9,7
13,1,5nd5,A,13,L,645,645,1,
14,1,5nd5,A,14,H,638,644,7,8
15,1,5nd5,A,15,L,636,637,2,
16,1,5nd5,A,16,B,631,635,5,
17,1,5nd5,A,17,L,628,630,3,
18,1,5nd5,A,18,H,613,627,15,9
19,1,5nd5,A,19,L,610,612,3,
20,1,5nd5,A,20,B,605,609,5,
21,1,5nd5,A,21,L,597,604,8,10
22,1,5nd5,A,22,B,592,596,5,
23,1,5nd5,A,23,L,590,591,2,
24,1,5nd5,A,24,H,583,589,7,11
25,1,5nd5,A,25,L,577,582,6,12
26,1,5nd5,A,26,B,575,576,2,
27,1,5nd5,A,27,L,571,574,4,
28,1,5nd5,A,28,B,567,570,4,
29,1,5nd5,A,29,L,563,566,4,
30,1,5nd5,A,30,H,547,562,16,13
31,1,5nd5,A,31,L,545,546,2,
32,1,5nd5,A,32,B,542,544,3,
33,1,5nd5,A,33,L,538,541,4,
34,1,5nd5,A,34,H,530,537,8,14
35,1,5nd5,A,35,L,521,529,9,15
36,1,5nd5,A,36,H,516,520,5,
37,1,5nd5,A,37,L,514,515,2,
38,1,5nd5,A,38,B,509,513,5,
39,1,5nd5,A,39,L,506,508,3,
40,1,5nd5,A,40,H,494,505,12,16
41,1,5nd5,A,41,H,489,493,5,
42,1,5nd5,A,42,L,488,488,1,
43,1,5nd5,A,43,B,481,487,7,17
44,1,5nd5,A,44,L,477,480,4,
45,1,5nd5,A,45,H,462,476,15,18
46,1,5nd5,A,46,L,439,461,23,19
47,1,5nd5,A,47,H,433,438,6,20
48,1,5nd5,A,48,L,431,432,2,
49,1,5nd5,A,49,B,426,430,5,
50,1,5nd5,A,50,L,421,425,5,
51,1,5nd5,A,51,H,408,420,13,21
52,1,5nd5,A,52,B,406,407,2,
53,1,5nd5,A,53,L,397,405,9,22
54,1,5nd5,A,54,H,391,396,6,23
55,1,5nd5,A,55,L,386,390,5,
56,1,5nd5,A,56,H,373,385,13,24
57,1,5nd5,A,57,H,350,372,23,25
58,1,5nd5,A,58,H,341,349,9,26
59,1,5nd5,A,59,L,332,340,9,27
60,1,5nd5,A,60,H,320,331,12,28
61,1,5nd5,A,61,L,316,319,4,
62,1,5nd5,A,62,H,311,315,5,
63,1,5nd5,A,63,L,299,310,12,29
64,1,5nd5,A,64,B,293,298,6,30
65,1,5nd5,A,65,L,289,292,4,
66,1,5nd5,A,66,H,274,288,15,31
67,1,5nd5,A,67,L,269,273,5,
68,1,5nd5,A,68,B,264,268,5,
69,1,5nd5,A,69,L,262,263,2,
70,1,5nd5,A,70,H,253,261,9,32
71,1,5nd5,A,71,L,250,252,3,
72,1,5nd5,A,72,H,247,249,3,
73,1,5nd5,A,73,L,246,246,1,
74,1,5nd5,A,74,B,244,245,2,
75,1,5nd5,A,75,L,242,243,2,
76,1,5nd5,A,76,B,240,241,2,
77,1,5nd5,A,77,L,238,239,2,
78,1,5nd5,A,78,B,231,237,7,33
79,1,5nd5,A,79,L,227,230,4,
80,1,5nd5,A,80,H,213,226,14,34
81,1,5nd5,A,81,H,207,212,6,35
82,1,5nd5,A,82,B,202,206,5,
83,1,5nd5,A,83,L,191,201,11,36
84,1,5nd5,A,84,H,169,190,22,37
85,1,5nd5,A,85,L,141,168,28,38
86,1,5nd5,A,86,H,135,140,6,39
87,1,5nd5,A,87,L,131,134,4,
88,1,5nd5,A,88,H,118,130,13,40
89,1,5nd5,A,89,H,115,117,3,
90,1,5nd5,A,90,L,114,114,1,
91,1,5nd5,A,91,B,110,113,4,
92,1,5nd5,A,92,L,95,109,15,41
93,1,5nd5,A,93,H,78,94,17,42
94,1,5nd5,A,94,L,75,77,3,
95,1,5nd5,A,95,H,51,74,24,43
96,1,5nd5,A,96,L,49,50,2,
97,1,5nd5,B,1,L,717,717,1,
98,1,5nd5,B,2,H,704,716,13,44
99,1,5nd5,B,3,L,702,703,2,
100,1,5nd5,B,4,H,693,701,9,45
101,1,5nd5,B,5,L,684,692,9,46
102,1,5nd5,B,6,B,681,683,3,
103,1,5nd5,B,7,L,678,680,3,
104,1,5nd5,B,8,H,672,677,6,47
105,1,5nd5,B,9,L,665,671,7,48
106,1,5nd5,B,10,B,661,664,4,
107,1,5nd5,B,11,L,655,660,6,49
108,1,5nd5,B,12,H,646,654,9,50
109,1,5nd5,B,13,L,645,645,1,
110,1,5nd5,B,14,H,638,644,7,51
111,1,5nd5,B,15,L,636,637,2,
112,1,5nd5,B,16,B,631,635,5,
113,1,5nd5,B,17,L,628,630,3,
114,1,5nd5,B,18,H,613,627,15,52
115,1,5nd5,B,19,L,610,612,3,
116,1,5nd5,B,20,B,605,609,5,
117,1,5nd5,B,21,L,597,604,8,53
118,1,5nd5,B,22,B,592,596,5,
119,1,5nd5,B,23,L,591,591,1,
120,1,5nd5,B,24,H,583,590,8,54
121,1,5nd5,B,25,L,571,582,12,55
122,1,5nd5,B,26,B,567,570,4,
123,1,5nd5,B,27,L,563,566,4,
124,1,5nd5,B,28,H,547,562,16,56
125,1,5nd5,B,29,L,545,546,2,
126,1,5nd5,B,30,B,542,544,3,
127,1,5nd5,B,31,L,538,541,4,
128,1,5nd5,B,32,H,530,537,8,57
129,1,5nd5,B,33,L,521,529,9,58
130,1,5nd5,B,34,H,516,520,5,
131,1,5nd5,B,35,L,514,515,2,
132,1,5nd5,B,36,B,509,513,5,
133,1,5nd5,B,37,L,506,508,3,
134,1,5nd5,B,38,H,490,505,16,59
135,1,5nd5,B,39,L,488,489,2,
136,1,5nd5,B,40,B,481,487,7,60
137,1,5nd5,B,41,L,477,480,4,
138,1,5nd5,B,42,H,462,476,15,61
139,1,5nd5,B,43,L,439,461,23,62
140,1,5nd5,B,44,H,433,438,6,63
141,1,5nd5,B,45,L,431,432,2,
142,1,5nd5,B,46,B,426,430,5,
143,1,5nd5,B,47,L,421,425,5,
144,1,5nd5,B,48,H,407,420,14,64
145,1,5nd5,B,49,L,397,406,10,65
146,1,5nd5,B,50,H,391,396,6,66
147,1,5nd5,B,51,L,386,390,5,
148,1,5nd5,B,52,H,373,385,13,67
149,1,5nd5,B,53,H,349,372,24,68
150,1,5nd5,B,54,H,341,348,8,69
151,1,5nd5,B,55,L,332,340,9,70
152,1,5nd5,B,56,H,320,331,12,71
153,1,5nd5,B,57,L,316,319,4,
154,1,5nd5,B,58,H,311,315,5,
155,1,5nd5,B,59,L,299,310,12,72
156,1,5nd5,B,60,B,293,298,6,73
157,1,5nd5,B,61,L,289,292,4,
158,1,5nd5,B,62,H,274,288,15,74
159,1,5nd5,B,63,L,269,273,5,
160,1,5nd5,B,64,B,264,268,5,
161,1,5nd5,B,65,L,262,263,2,
162,1,5nd5,B,66,H,253,261,9,75
163,1,5nd5,B,67,L,250,252,3,
164,1,5nd5,B,68,H,247,249,3,
165,1,5nd5,B,69,L,246,246,1,
166,1,5nd5,B,70,B,244,245,2,
167,1,5nd5,B,71,L,242,243,2,
168,1,5nd5,B,72,B,240,241,2,
169,1,5nd5,B,73,L,238,239,2,
170,1,5nd5,B,74,B,231,237,7,76
171,1,5nd5,B,75,L,227,230,4,
172,1,5nd5,B,76,H,213,226,14,77
173,1,5nd5,B,77,H,207,212,6,78
174,1,5nd5,B,78,B,202,206,5,
175,1,5nd5,B,79,L,191,201,11,79
176,1,5nd5,B,80,H,169,190,22,80
177,1,5nd5,B,81,L,141,168,28,81
178,1,5nd5,B,82,H,135,140,6,82
179,1,5nd5,B,83,L,131,134,4,
180,1,5nd5,B,84,H,118,130,13,83
181,1,5nd5,B,85,H,115,117,3,
182,1,5nd5,B,86,L,114,114,1,
183,1,5nd5,B,87,B,110,113,4,
184,1,5nd5,B,88,L,96,109,14,84
185,1,5nd5,B,89,H,78,95,18,85
186,1,5nd5,B,90,L,75,77,3,
187,1,5nd5,B,91,H,51,74,24,86
188,1,5nd5,B,92,L,49,50,2,
