motif,model,model_name,chain,chain_motif,type,start,end,length,saved_frame
1,1,9hvm,A,1,L,463,475,13,1
2,1,9hvm,A,2,H,452,462,11,2
3,1,9hvm,A,3,L,450,451,2,
4,1,9hvm,A,4,H,436,449,14,3
5,1,9hvm,A,5,L,434,435,2,
6,1,9hvm,A,6,H,412,433,22,4
7,1,9hvm,A,7,L,403,411,9,5
8,1,9hvm,A,8,B,399,402,4,
9,1,9hvm,A,9,L,396,398,3,
10,1,9hvm,A,10,H,386,395,10,6
11,1,9hvm,A,11,H,383,385,3,
12,1,9hvm,A,12,L,377,382,6,7
13,1,9hvm,A,13,B,375,376,2,
14,1,9hvm,A,14,L,362,374,13,8
15,1,9hvm,A,15,H,357,361,5,
16,1,9hvm,A,16,L,352,356,5,
17,1,9hvm,A,17,H,338,351,14,9
18,1,9hvm,A,18,L,327,337,11,10
19,1,9hvm,A,19,B,325,326,2,
20,1,9hvm,A,20,L,321,324,4,
21,1,9hvm,A,21,H,310,320,11,11
22,1,9hvm,A,22,L,294,309,16,12
23,1,9hvm,A,23,B,291,293,3,
24,1,9hvm,A,24,L,288,290,3,
25,1,9hvm,A,25,H,273,287,15,13
26,1,9hvm,A,26,H,268,272,5,
27,1,9hvm,A,27,B,265,267,3,
28,1,9hvm,A,28,L,260,264,5,
29,1,9hvm,A,29,H,246,259,14,14
30,1,9hvm,A,30,L,242,245,4,
31,1,9hvm,A,31,B,237,241,5,
32,1,9hvm,A,32,L,232,236,5,
33,1,9hvm,A,33,H,213,231,19,15
34,1,9hvm,A,34,L,202,212,11,16
35,1,9hvm,A,35,B,199,201,3,
36,1,9hvm,A,36,L,197,198,2,
37,1,9hvm,A,37,H,181,196,16,17
38,1,9hvm,A,38,L,174,180,7,18
39,1,9hvm,A,39,B,169,173,5,
40,1,9hvm,A,40,L,163,168,6,19
41,1,9hvm,A,41,H,154,162,9,20
42,1,9hvm,A,42,L,147,153,7,21
43,1,9hvm,A,43,H,141,146,6,22
44,1,9hvm,A,44,L,140,140,1,
45,1,9hvm,A,45,B,130,139,10,23
46,1,9hvm,A,46,L,122,129,8,24
47,1,9hvm,A,47,H,112,121,10,25
48,1,9hvm,A,48,L,109,111,3,
49,1,9hvm,A,49,H,104,108,5,
50,1,9hvm,A,50,B,97,103,7,26
51,1,9hvm,A,51,L,90,96,7,27
52,1,9hvm,A,52,B,88,89,2,
53,1,9hvm,A,53,L,85,87,3,
54,1,9hvm,A,54,B,83,84,2,
55,1,9hvm,A,55,L,76,82,7,28
56,1,9hvm,A,56,H,69,75,7,29
57,1,9hvm,A,57,L,64,68,5,
58,1,9hvm,A,58,H,49,63,15,30
59,1,9hvm,A,59,L,45,48,4,
60,1,9hvm,A,60,B,36,44,9,31
61,1,9hvm,A,61,L,24,35,12,32
62,1,9hvm,A,62,H,19,23,5,
63,1,9hvm,A,63,L,7,18,12,33
64,1,9hvm,B,1,L,165,177,13,34
65,1,9hvm,B,2,B,161,164,4,
66,1,9hvm,B,3,L,157,160,4,
67,1,9hvm,B,4,B,148,156,9,35
68,1,9hvm,B,5,L,146,147,2,
69,1,9hvm,B,6,H,130,145,16,36
70,1,9hvm,B,7,L,125,129,5,
71,1,9hvm,B,8,B,119,124,6,37
72,1,9hvm,B,9,L,105,118,14,38
73,1,9hvm,B,10,H,99,104,6,39
74,1,9hvm,B,11,L,92,98,7,40
75,1,9hvm,B,12,B,84,91,8,41
76,1,9hvm,B,13,L,82,83,2,
77,1,9hvm,B,14,H,67,81,15,42
78,1,9hvm,B,15,L,46,66,21,43
79,1,9hvm,C,1,L,463,475,13,44
80,1,9hvm,C,2,H,452,462,11,45
81,1,9hvm,C,3,L,450,451,2,
82,1,9hvm,C,4,H,436,449,14,46
83,1,9hvm,C,5,L,434,435,2,
84,1,9hvm,C,6,H,412,433,22,47
85,1,9hvm,C,7,L,403,411,9,48
86,1,9hvm,C,8,B,399,402,4,
87,1,9hvm,C,9,L,396,398,3,
88,1,9hvm,C,10,H,386,395,10,49
89,1,9hvm,C,11,H,383,385,3,
90,1,9hvm,C,12,L,377,382,6,50
91,1,9hvm,C,13,B,375,376,2,
92,1,9hvm,C,14,L,362,374,13,51
93,1,9hvm,C,15,H,357,361,5,
94,1,9hvm,C,16,L,352,356,5,
95,1,9hvm,C,17,H,338,351,14,52
96,1,9hvm,C,18,L,327,337,11,53
97,1,9hvm,C,19,B,325,326,2,
98,1,9hvm,C,20,L,321,324,4,
99,1,9hvm,C,21,H,310,320,11,54
100,1,9hvm,C,22,L,294,309,16,55
101,1,9hvm,C,23,B,291,293,3,
102,1,9hvm,C,24,L,288,290,3,
103,1,9hvm,C,25,H,273,287,15,56
104,1,9hvm,C,26,H,268,272,5,
105,1,9hvm,C,27,B,265,267,3,
106,1,9hvm,C,28,L,260,264,5,
107,1,9hvm,C,29,H,246,259,14,57
108,1,9hvm,C,30,L,240,245,6,58
109,1,9hvm,C,31,B,237,239,3,
110,1,9hvm,C,32,L,232,236,5,
111,1,9hvm,C,33,H,213,231,19,59
112,1,9hvm,C,34,L,209,212,4,
113,1,9hvm,C,35,H,203,208,6,60
114,1,9hvm,C,36,L,202,202,1,
115,1,9hvm,C,37,B,199,201,3,
116,1,9hvm,C,38,L,197,198,2,
117,1,9hvm,C,39,H,181,196,16,61
118,1,9hvm,C,40,L,174,180,7,62
119,1,9hvm,C,41,B,169,173,5,
120,1,9hvm,C,42,L,163,168,6,63
121,1,9hvm,C,43,H,154,162,9,64
122,1,9hvm,C,44,L,147,153,7,65
123,1,9hvm,C,45,H,141,146,6,66
124,1,9hvm,C,46,L,140,140,1,
125,1,9hvm,C,47,B,130,139,10,67
126,1,9hvm,C,48,L,122,129,8,68
127,1,9hvm,C,49,H,112,121,10,69
128,1,9hvm,C,50,L,109,111,3,
129,1,9hvm,C,51,H,104,108,5,
130,1,9hvm,C,52,B,97,103,7,70
131,1,9hvm,C,53,L,90,96,7,71
132,1,9hvm,C,54,B,88,89,2,
133,1,9hvm,C,55,L,85,87,3,
134,1,9hvm,C,56,B,83,84,2,
135,1,9hvm,C,57,L,76,82,7,72
136,1,9hvm,C,58,H,69,75,7,73
137,1,9hvm,C,59,L,64,68,5,
138,1,9hvm,C,60,H,49,63,15,74
139,1,9hvm,C,61,L,45,48,4,
140,1,9hvm,C,62,B,36,44,9,75
141,1,9hvm,C,63,L,24,35,12,76
142,1,9hvm,C,64,H,19,23,5,
143,1,9hvm,C,65,L,7,18,12,77
144,1,9hvm,D,1,L,165,177,13,78
145,1,9hvm,D,2,B,161,164,4,
146,1,9hvm,D,3,L,157,160,4,
147,1,9hvm,D,4,B,148,156,9,79
148,1,9hvm,D,5,L,146,147,2,
149,1,9hvm,D,6,H,130,145,16,80
150,1,9hvm,D,7,L,125,129,5,
151,1,9hvm,D,8,B,119,124,6,81
152,1,9hvm,D,9,L,105,118,14,82
153,1,9hvm,D,10,H,99,104,6,83
154,1,9hvm,D,11,L,92,98,7,84
155,1,9hvm,D,12,B,84,91,8,85
156,1,9hvm,D,13,L,82,83,2,
157,1,9hvm,D,14,H,67,81,15,86
158,1,9hvm,D,15,L,46,66,21,87
159,1,9hvm,E,1,L,463,475,13,88
160,1,9hvm,E,2,H,452,462,11,89
161,1,9hvm,E,3,L,450,451,2,
162,1,9hvm,E,4,H,436,449,14,90
163,1,9hvm,E,5,L,434,435,2,
164,1,9hvm,E,6,H,412,433,22,91
165,1,9hvm,E,7,L,403,411,9,92
166,1,9hvm,E,8,B,399,402,4,
167,1,9hvm,E,9,L,396,398,3,
168,1,9hvm,E,10,H,386,395,10,93
169,1,9hvm,E,11,H,383,385,3,
170,1,9hvm,E,12,L,378,382,5,
171,1,9hvm,E,13,B,375,377,3,
172,1,9hvm,E,14,L,362,374,13,94
173,1,9hvm,E,15,H,357,361,5,
174,1,9hvm,E,16,L,352,356,5,
175,1,9hvm,E,17,H,338,351,14,95
176,1,9hvm,E,18,L,328,337,10,96
177,1,9hvm,E,19,B,325,327,3,
178,1,9hvm,E,20,L,321,324,4,
179,1,9hvm,E,21,H,310,320,11,97
180,1,9hvm,E,22,L,294,309,16,98
181,1,9hvm,E,23,B,291,293,3,
182,1,9hvm,E,24,L,289,290,2,
183,1,9hvm,E,25,H,273,288,16,99
184,1,9hvm,E,26,H,268,272,5,
185,1,9hvm,E,27,B,265,267,3,
186,1,9hvm,E,28,L,260,264,5,
187,1,9hvm,E,29,H,246,259,14,100
188,1,9hvm,E,30,L,240,245,6,101
189,1,9hvm,E,31,B,237,239,3,
190,1,9hvm,E,32,L,232,236,5,
191,1,9hvm,E,33,H,213,231,19,102
192,1,9hvm,E,34,L,202,212,11,103
193,1,9hvm,E,35,B,199,201,3,
194,1,9hvm,E,36,L,197,198,2,
195,1,9hvm,E,37,H,181,196,16,104
196,1,9hvm,E,38,L,174,180,7,105
197,1,9hvm,E,39,B,169,173,5,
198,1,9hvm,E,40,L,163,168,6,106
199,1,9hvm,E,41,H,154,162,9,107
200,1,9hvm,E,42,L,147,153,7,108
201,1,9hvm,E,43,H,141,146,6,109
202,1,9hvm,E,44,L,140,140,1,
203,1,9hvm,E,45,B,130,139,10,110
204,1,9hvm,E,46,L,122,129,8,111
205,1,9hvm,E,47,H,112,121,10,112
206,1,9hvm,E,48,L,109,111,3,
207,1,9hvm,E,49,H,104,108,5,
208,1,9hvm,E,50,B,97,103,7,113
209,1,9hvm,E,51,L,90,96,7,114
210,1,9hvm,E,52,B,88,89,2,
211,1,9hvm,E,53,L,85,87,3,
212,1,9hvm,E,54,B,83,84,2,
213,1,9hvm,E,55,L,76,82,7,115
214,1,9hvm,E,56,H,69,75,7,116
215,1,9hvm,E,57,L,64,68,5,
216,1,9hvm,E,58,H,49,63,15,117
217,1,9hvm,E,59,L,45,48,4,
218,1,9hvm,E,60,B,36,44,9,118
219,1,9hvm,E,61,L,24,35,12,119
220,1,9hvm,E,62,H,19,23,5,
221,1,9hvm,E,63,L,7,18,12,120
222,1,9hvm,F,1,L,165,177,13,121
223,1,9hvm,F,2,B,161,164,4,
224,1,9hvm,F,3,L,157,160,4,
225,1,9hvm,F,4,B,148,156,9,122
226,1,9hvm,F,5,L,146,147,2,
227,1,9hvm,F,6,H,130,145,16,123
228,1,9hvm,F,7,L,125,129,5,
229,1,9hvm,F,8,B,119,124,6,124
230,1,9hvm,F,9,L,105,118,14,125
231,1,9hvm,F,10,H,99,104,6,126
232,1,9hvm,F,11,L,96,98,3,
233,1,9hvm,F,12,H,93,95,3,
234,1,9hvm,F,13,L,92,92,1,
235,1,9hvm,F,14,B,84,91,8,127
236,1,9hvm,F,15,L,82,83,2,
237,1,9hvm,F,16,H,67,81,15,128
238,1,9hvm,F,17,L,46,66,21,129
239,1,9hvm,G,1,L,463,475,13,130
240,1,9hvm,G,2,H,452,462,11,131
241,1,9hvm,G,3,L,450,451,2,
242,1,9hvm,G,4,H,436,449,14,132
243,1,9hvm,G,5,L,434,435,2,
244,1,9hvm,G,6,H,412,433,22,133
245,1,9hvm,G,7,L,403,411,9,134
246,1,9hvm,G,8,B,399,402,4,
247,1,9hvm,G,9,L,396,398,3,
248,1,9hvm,G,10,H,386,395,10,135
249,1,9hvm,G,11,H,383,385,3,
250,1,9hvm,G,12,L,378,382,5,
251,1,9hvm,G,13,B,375,377,3,
252,1,9hvm,G,14,L,362,374,13,136
253,1,9hvm,G,15,H,357,361,5,
254,1,9hvm,G,16,L,352,356,5,
255,1,9hvm,G,17,H,338,351,14,137
256,1,9hvm,G,18,L,328,337,10,138
257,1,9hvm,G,19,B,325,327,3,
258,1,9hvm,G,20,L,321,324,4,
259,1,9hvm,G,21,H,310,320,11,139
260,1,9hvm,G,22,L,294,309,16,140
261,1,9hvm,G,23,B,291,293,3,
262,1,9hvm,G,24,L,288,290,3,
263,1,9hvm,G,25,H,273,287,15,141
264,1,9hvm,G,26,H,268,272,5,
265,1,9hvm,G,27,B,265,267,3,
266,1,9hvm,G,28,L,260,264,5,
267,1,9hvm,G,29,H,246,259,14,142
268,1,9hvm,G,30,L,240,245,6,143
269,1,9hvm,G,31,B,237,239,3,
270,1,9hvm,G,32,L,232,236,5,
271,1,9hvm,G,33,H,213,231,19,144
272,1,9hvm,G,34,L,209,212,4,
273,1,9hvm,G,35,H,203,208,6,145
274,1,9hvm,G,36,L,202,202,1,
275,1,9hvm,G,37,B,199,201,3,
276,1,9hvm,G,38,L,197,198,2,
277,1,9hvm,G,39,H,181,196,16,146
278,1,9hvm,G,40,L,174,180,7,147
279,1,9hvm,G,41,B,169,173,5,
280,1,9hvm,G,42,L,163,168,6,148
281,1,9hvm,G,43,H,154,162,9,149
282,1,9hvm,G,44,L,147,153,7,150
283,1,9hvm,G,45,H,141,146,6,151
284,1,9hvm,G,46,L,140,140,1,
285,1,9hvm,G,47,B,130,139,10,152
286,1,9hvm,G,48,L,122,129,8,153
287,1,9hvm,G,49,H,112,121,10,154
288,1,9hvm,G,50,L,109,111,3,
289,1,9hvm,G,51,H,104,108,5,
290,1,9hvm,G,52,B,97,103,7,155
291,1,9hvm,G,53,L,90,96,7,156
292,1,9hvm,G,54,B,88,89,2,
293,1,9hvm,G,55,L,85,87,3,
294,1,9hvm,G,56,B,83,84,2,
295,1,9hvm,G,57,L,76,82,7,157
296,1,9hvm,G,58,H,69,75,7,158
297,1,9hvm,G,59,L,64,68,5,
298,1,9hvm,G,60,H,49,63,15,159
299,1,9hvm,G,61,L,45,48,4,
300,1,9hvm,G,62,B,36,44,9,160
301,1,9hvm,G,63,L,24,35,12,161
302,1,9hvm,G,64,H,19,23,5,
303,1,9hvm,G,65,L,7,18,12,162
304,1,9hvm,H,1,L,165,177,13,163
305,1,9hvm,H,2,B,161,164,4,
306,1,9hvm,H,3,L,157,160,4,
307,1,9hvm,H,4,B,148,156,9,164
308,1,9hvm,H,5,L,146,147,2,
309,1,9hvm,H,6,H,130,145,16,165
310,1,9hvm,H,7,L,121,129,9,166
311,1,9hvm,H,8,B,119,120,2,
312,1,9hvm,H,9,L,105,118,14,167
313,1,9hvm,H,10,H,99,104,6,168
314,1,9hvm,H,11,L,92,98,7,169
315,1,9hvm,H,12,B,84,91,8,170
316,1,9hvm,H,13,L,82,83,2,
317,1,9hvm,H,14,H,67,81,15,171
318,1,9hvm,H,15,L,46,66,21,172
319,1,9hvm,I,1,L,463,475,13,173
320,1,9hvm,I,2,H,452,462,11,174
321,1,9hvm,I,3,L,450,451,2,
322,1,9hvm,I,4,H,436,449,14,175
323,1,9hvm,I,5,L,434,435,2,
324,1,9hvm,I,6,H,412,433,22,176
325,1,9hvm,I,7,L,403,411,9,177
326,1,9hvm,I,8,B,399,402,4,
327,1,9hvm,I,9,L,396,398,3,
328,1,9hvm,I,10,H,386,395,10,178
329,1,9hvm,I,11,H,383,385,3,
330,1,9hvm,I,12,L,378,382,5,
331,1,9hvm,I,13,B,375,377,3,
332,1,9hvm,I,14,L,362,374,13,179
333,1,9hvm,I,15,H,357,361,5,
334,1,9hvm,I,16,L,352,356,5,
335,1,9hvm,I,17,H,338,351,14,180
336,1,9hvm,I,18,L,328,337,10,181
337,1,9hvm,I,19,B,325,327,3,
338,1,9hvm,I,20,L,321,324,4,
339,1,9hvm,I,21,H,310,320,11,182
340,1,9hvm,I,22,L,294,309,16,183
341,1,9hvm,I,23,B,291,293,3,
342,1,9hvm,I,24,L,289,290,2,
343,1,9hvm,I,25,H,273,288,16,184
344,1,9hvm,I,26,H,268,272,5,
345,1,9hvm,I,27,B,265,267,3,
346,1,9hvm,I,28,L,260,264,5,
347,1,9hvm,I,29,H,246,259,14,185
348,1,9hvm,I,30,L,240,245,6,186
349,1,9hvm,I,31,B,237,239,3,
350,1,9hvm,I,32,L,232,236,5,
351,1,9hvm,I,33,H,213,231,19,187
352,1,9hvm,I,34,L,209,212,4,
353,1,9hvm,I,35,H,203,208,6,188
354,1,9hvm,I,36,L,202,202,1,
355,1,9hvm,I,37,B,199,201,3,
356,1,9hvm,I,38,L,197,198,2,
357,1,9hvm,I,39,H,181,196,16,189
358,1,9hvm,I,40,L,174,180,7,190
359,1,9hvm,I,41,B,169,173,5,
360,1,9hvm,I,42,L,163,168,6,191
361,1,9hvm,I,43,H,154,162,9,192
362,1,9hvm,I,44,L,147,153,7,193
363,1,9hvm,I,45,H,141,146,6,194
364,1,9hvm,I,46,L,140,140,1,
365,1,9hvm,I,47,B,130,139,10,195
366,1,9hvm,I,48,L,122,129,8,196
367,1,9hvm,I,49,H,112,121,10,197
368,1,9hvm,I,50,L,109,111,3,
369,1,9hvm,I,51,H,104,108,5,
370,1,9hvm,I,52,B,97,103,7,198
371,1,9hvm,I,53,L,90,96,7,199
372,1,9hvm,I,54,B,88,89,2,
373,1,9hvm,I,55,L,85,87,3,
374,1,9hvm,I,56,B,83,84,2,
375,1,9hvm,I,57,L,76,82,7,200
376,1,9hvm,I,58,H,69,75,7,201
377,1,9hvm,I,59,L,64,68,5,
378,1,9hvm,I,60,H,49,63,15,202
379,1,9hvm,I,61,L,45,48,4,
380,1,9hvm,I,62,B,36,44,9,203
381,1,9hvm,I,63,L,24,35,12,204
382,1,9hvm,I,64,H,19,23,5,
383,1,9hvm,I,65,L,7,18,12,205
384,1,9hvm,J,1,L,165,177,13,206
385,1,9hvm,J,2,B,161,164,4,
386,1,9hvm,J,3,L,157,160,4,
387,1,9hvm,J,4,B,148,156,9,207
388,1,9hvm,J,5,L,146,147,2,
389,1,9hvm,J,6,H,130,145,16,208
390,1,9hvm,J,7,L,125,129,5,
391,1,9hvm,J,8,B,119,124,6,209
392,1,9hvm,J,9,L,105,118,14,210
393,1,9hvm,J,10,H,99,104,6,211
394,1,9hvm,J,11,L,92,98,7,212
395,1,9hvm,J,12,B,84,91,8,213
396,1,9hvm,J,13,L,82,83,2,
397,1,9hvm,J,14,H,67,81,15,214
398,1,9hvm,J,15,L,46,66,21,215
399,1,9hvm,K,1,L,463,475,13,216
400,1,9hvm,K,2,H,452,462,11,217
401,1,9hvm,K,3,L,450,451,2,
402,1,9hvm,K,4,H,436,449,14,218
403,1,9hvm,K,5,L,434,435,2,
404,1,9hvm,K,6,H,412,433,22,219
405,1,9hvm,K,7,L,403,411,9,220
406,1,9hvm,K,8,B,399,402,4,
407,1,9hvm,K,9,L,396,398,3,
408,1,9hvm,K,10,H,386,395,10,221
409,1,9hvm,K,11,H,383,385,3,
410,1,9hvm,K,12,L,378,382,5,
411,1,9hvm,K,13,B,375,377,3,
412,1,9hvm,K,14,L,362,374,13,222
413,1,9hvm,K,15,H,357,361,5,
414,1,9hvm,K,16,L,352,356,5,
415,1,9hvm,K,17,H,338,351,14,223
416,1,9hvm,K,18,L,328,337,10,224
417,1,9hvm,K,19,B,325,327,3,
418,1,9hvm,K,20,L,321,324,4,
419,1,9hvm,K,21,H,310,320,11,225
420,1,9hvm,K,22,L,294,309,16,226
421,1,9hvm,K,23,B,291,293,3,
422,1,9hvm,K,24,L,288,290,3,
423,1,9hvm,K,25,H,273,287,15,227
424,1,9hvm,K,26,H,268,272,5,
425,1,9hvm,K,27,B,265,267,3,
426,1,9hvm,K,28,L,260,264,5,
427,1,9hvm,K,29,H,246,259,14,228
428,1,9hvm,K,30,L,240,245,6,229
429,1,9hvm,K,31,B,237,239,3,
430,1,9hvm,K,32,L,232,236,5,
431,1,9hvm,K,33,H,213,231,19,230
432,1,9hvm,K,34,L,209,212,4,
433,1,9hvm,K,35,H,203,208,6,231
434,1,9hvm,K,36,L,202,202,1,
435,1,9hvm,K,37,B,199,201,3,
436,1,9hvm,K,38,L,197,198,2,
437,1,9hvm,K,39,H,181,196,16,232
438,1,9hvm,K,40,L,174,180,7,233
439,1,9hvm,K,41,B,169,173,5,
440,1,9hvm,K,42,L,163,168,6,234
441,1,9hvm,K,43,H,154,162,9,235
442,1,9hvm,K,44,L,147,153,7,236
443,1,9hvm,K,45,H,141,146,6,237
444,1,9hvm,K,46,L,140,140,1,
445,1,9hvm,K,47,B,130,139,10,238
446,1,9hvm,K,48,L,122,129,8,239
447,1,9hvm,K,49,H,112,121,10,240
448,1,9hvm,K,50,L,109,111,3,
449,1,9hvm,K,51,H,104,108,5,
450,1,9hvm,K,52,B,97,103,7,241
451,1,9hvm,K,53,L,90,96,7,242
452,1,9hvm,K,54,B,88,89,2,
453,1,9hvm,K,55,L,85,87,3,
454,1,9hvm,K,56,B,83,84,2,
455,1,9hvm,K,57,L,76,82,7,243
456,1,9hvm,K,58,H,69,75,7,244
457,1,9hvm,K,59,L,64,68,5,
458,1,9hvm,K,60,H,49,63,15,245
459,1,9hvm,K,61,L,45,48,4,
460,1,9hvm,K,62,B,36,44,9,246
461,1,9hvm,K,63,L,24,35,12,247
462,1,9hvm,K,64,H,19,23,5,
463,1,9hvm,K,65,L,7,18,12,248
464,1,9hvm,L,1,L,165,177,13,249
465,1,9hvm,L,2,B,161,164,4,
466,1,9hvm,L,3,L,157,160,4,
467,1,9hvm,L,4,B,148,156,9,250
468,1,9hvm,L,5,L,146,147,2,
469,1,9hvm,L,6,H,130,145,16,251
470,1,9hvm,L,7,L,125,129,5,
471,1,9hvm,L,8,B,119,124,6,252
472,1,9hvm,L,9,L,106,118,13,253
473,1,9hvm,L,10,H,99,105,7,254
474,1,9hvm,L,11,L,92,98,7,255
475,1,9hvm,L,12,B,84,91,8,256
476,1,9hvm,L,13,L,82,83,2,
477,1,9hvm,L,14,H,67,81,15,257
478,1,9hvm,L,15,L,46,66,21,258
479,1,9hvm,M,1,L,463,475,13,259
480,1,9hvm,M,2,H,452,462,11,260
481,1,9hvm,M,3,L,450,451,2,
482,1,9hvm,M,4,H,436,449,14,261
483,1,9hvm,M,5,L,434,435,2,
484,1,9hvm,M,6,H,412,433,22,262
485,1,9hvm,M,7,L,403,411,9,263
486,1,9hvm,M,8,B,399,402,4,
487,1,9hvm,M,9,L,396,398,3,
488,1,9hvm,M,10,H,386,395,10,264
489,1,9hvm,M,11,H,383,385,3,
490,1,9hvm,M,12,L,378,382,5,
491,1,9hvm,M,13,B,375,377,3,
492,1,9hvm,M,14,L,362,374,13,265
493,1,9hvm,M,15,H,357,361,5,
494,1,9hvm,M,16,L,352,356,5,
495,1,9hvm,M,17,H,338,351,14,266
496,1,9hvm,M,18,L,328,337,10,267
497,1,9hvm,M,19,B,325,327,3,
498,1,9hvm,M,20,L,321,324,4,
499,1,9hvm,M,21,H,310,320,11,268
500,1,9hvm,M,22,L,294,309,16,269
501,1,9hvm,M,23,B,291,293,3,
502,1,9hvm,M,24,L,289,290,2,
503,1,9hvm,M,25,H,273,288,16,270
504,1,9hvm,M,26,H,268,272,5,
505,1,9hvm,M,27,B,265,267,3,
506,1,9hvm,M,28,L,260,264,5,
507,1,9hvm,M,29,H,246,259,14,271
508,1,9hvm,M,30,L,240,245,6,272
509,1,9hvm,M,31,B,237,239,3,
510,1,9hvm,M,32,L,232,236,5,
511,1,9hvm,M,33,H,213,231,19,273
512,1,9hvm,M,34,L,202,212,11,274
513,1,9hvm,M,35,B,199,201,3,
514,1,9hvm,M,36,L,197,198,2,
515,1,9hvm,M,37,H,181,196,16,275
516,1,9hvm,M,38,L,174,180,7,276
517,1,9hvm,M,39,B,169,173,5,
518,1,9hvm,M,40,L,163,168,6,277
519,1,9hvm,M,41,H,154,162,9,278
520,1,9hvm,M,42,L,147,153,7,279
521,1,9hvm,M,43,H,141,146,6,280
522,1,9hvm,M,44,L,140,140,1,
523,1,9hvm,M,45,B,130,139,10,281
524,1,9hvm,M,46,L,122,129,8,282
525,1,9hvm,M,47,H,112,121,10,283
526,1,9hvm,M,48,L,109,111,3,
527,1,9hvm,M,49,H,104,108,5,
528,1,9hvm,M,50,B,97,103,7,284
529,1,9hvm,M,51,L,90,96,7,285
530,1,9hvm,M,52,B,88,89,2,
531,1,9hvm,M,53,L,85,87,3,
532,1,9hvm,M,54,B,83,84,2,
533,1,9hvm,M,55,L,76,82,7,286
534,1,9hvm,M,56,H,69,75,7,287
535,1,9hvm,M,57,L,64,68,5,
536,1,9hvm,M,58,H,49,63,15,288
537,1,9hvm,M,59,L,45,48,4,
538,1,9hvm,M,60,B,36,44,9,289
539,1,9hvm,M,61,L,24,35,12,290
540,1,9hvm,M,62,H,19,23,5,
541,1,9hvm,M,63,L,7,18,12,291
542,1,9hvm,N,1,L,165,177,13,292
543,1,9hvm,N,2,B,161,164,4,
544,1,9hvm,N,3,L,157,160,4,
545,1,9hvm,N,4,B,148,156,9,293
546,1,9hvm,N,5,L,146,147,2,
547,1,9hvm,N,6,H,130,145,16,294
548,1,9hvm,N,7,L,125,129,5,
549,1,9hvm,N,8,B,119,124,6,295
550,1,9hvm,N,9,L,106,118,13,296
551,1,9hvm,N,10,H,99,105,7,297
552,1,9hvm,N,11,L,92,98,7,298
553,1,9hvm,N,12,B,84,91,8,299
554,1,9hvm,N,13,L,82,83,2,
555,1,9hvm,N,14,H,67,81,15,300
556,1,9hvm,N,15,L,46,66,21,301
557,1,9hvm,O,1,L,463,475,13,302
558,1,9hvm,O,2,H,452,462,11,303
559,1,9hvm,O,3,L,450,451,2,
560,1,9hvm,O,4,H,436,449,14,304
561,1,9hvm,O,5,L,434,435,2,
562,1,9hvm,O,6,H,412,433,22,305
563,1,9hvm,O,7,L,403,411,9,306
564,1,9hvm,O,8,B,399,402,4,
565,1,9hvm,O,9,L,396,398,3,
566,1,9hvm,O,10,H,386,395,10,307
567,1,9hvm,O,11,H,383,385,3,
568,1,9hvm,O,12,L,378,382,5,
569,1,9hvm,O,13,B,375,377,3,
570,1,9hvm,O,14,L,362,374,13,308
571,1,9hvm,O,15,H,357,361,5,
572,1,9hvm,O,16,L,352,356,5,
573,1,9hvm,O,17,H,338,351,14,309
574,1,9hvm,O,18,L,328,337,10,310
575,1,9hvm,O,19,B,325,327,3,
576,1,9hvm,O,20,L,321,324,4,
577,1,9hvm,O,21,H,310,320,11,311
578,1,9hvm,O,22,L,294,309,16,312
579,1,9hvm,O,23,B,291,293,3,
580,1,9hvm,O,24,L,288,290,3,
581,1,9hvm,O,25,H,273,287,15,313
582,1,9hvm,O,26,H,268,272,5,
583,1,9hvm,O,27,B,265,267,3,
584,1,9hvm,O,28,L,260,264,5,
585,1,9hvm,O,29,H,246,259,14,314
586,1,9hvm,O,30,L,240,245,6,315
587,1,9hvm,O,31,B,237,239,3,
588,1,9hvm,O,32,L,232,236,5,
589,1,9hvm,O,33,H,213,231,19,316
590,1,9hvm,O,34,L,209,212,4,
591,1,9hvm,O,35,H,203,208,6,317
592,1,9hvm,O,36,L,202,202,1,
593,1,9hvm,O,37,B,199,201,3,
594,1,9hvm,O,38,L,197,198,2,
595,1,9hvm,O,39,H,181,196,16,318
596,1,9hvm,O,40,L,174,180,7,319
597,1,9hvm,O,41,B,169,173,5,
598,1,9hvm,O,42,L,163,168,6,320
599,1,9hvm,O,43,H,154,162,9,321
600,1,9hvm,O,44,L,147,153,7,322
601,1,9hvm,O,45,H,141,146,6,323
602,1,9hvm,O,46,L,140,140,1,
603,1,9hvm,O,47,B,130,139,10,324
604,1,9hvm,O,48,L,122,129,8,325
605,1,9hvm,O,49,H,112,121,10,326
606,1,9hvm,O,50,L,109,111,3,
607,1,9hvm,O,51,H,104,108,5,
608,1,9hvm,O,52,B,97,103,7,327
609,1,9hvm,O,53,L,90,96,7,328
610,1,9hvm,O,54,B,88,89,2,
611,1,9hvm,O,55,L,85,87,3,
612,1,9hvm,O,56,B,83,84,2,
613,1,9hvm,O,57,L,76,82,7,329
614,1,9hvm,O,58,H,69,75,7,330
615,1,9hvm,O,59,L,64,68,5,
616,1,9hvm,O,60,H,49,63,15,331
617,1,9hvm,O,61,L,45,48,4,
618,1,9hvm,O,62,B,36,44,9,332
619,1,9hvm,O,63,L,24,35,12,333
620,1,9hvm,O,64,H,19,23,5,
621,1,9hvm,O,65,L,7,18,12,334
622,1,9hvm,P,1,L,165,177,13,335
623,1,9hvm,P,2,B,161,164,4,
624,1,9hvm,P,3,L,157,160,4,
625,1,9hvm,P,4,B,148,156,9,336
626,1,9hvm,P,5,L,146,147,2,
627,1,9hvm,P,6,H,130,145,16,337
628,1,9hvm,P,7,L,125,129,5,
629,1,9hvm,P,8,B,119,124,6,338
630,1,9hvm,P,9,L,105,118,14,339
631,1,9hvm,P,10,H,99,104,6,340
632,1,9hvm,P,11,L,92,98,7,341
633,1,9hvm,P,12,B,84,91,8,342
634,1,9hvm,P,13,L,82,83,2,
635,1,9hvm,P,14,H,67,81,15,343
636,1,9hvm,P,15,L,46,66,21,344
